42.456909,14.228452,'<blockquote class="twitter-tweet" data-conversation="none" data-cards="hidden" width="350" lang="it"><p>Declines+in+Pneumonia+Hospitalizations+of+Children+Aged+2+Years+Associated+with+the+Use+of+Pneumococcal+Vaccines+http%3A%2F%2Ft.co%2Fg5xWiDNRR2</p><a href="https://twitter.com/paravani_g/status/530494009299709953">Settembre 2014</a></blockquote>'
42.456917,14.22846,'<blockquote class="twitter-tweet" data-conversation="none" data-cards="hidden" width="350" lang="it"><p>Declines+in+Pneumonia+Hospitalizations+of+Children+Aged+2+Years+Associated+with+the+Use+of+Pneumococcal+Vaccines++http%3A%2F%2Ft.co%2FNBS0ZytlOk</p><a href="https://twitter.com/paravani_g/status/530493206019198977">Settembre 2014</a></blockquote>'
42.456915,14.228476,'<blockquote class="twitter-tweet" data-conversation="none" data-cards="hidden" width="350" lang="it"><p>Establishment+of+a+Community+Care+Center+for+Isolation+and+Management+of+Ebola+Patients%2C+Liberia%2C+October+2014+http%3A%2F%2Ft.co%2FLnUoRsVL08</p><a href="https://twitter.com/paravani_g/status/530496586762444800">Settembre 2014</a></blockquote>'
45.814127,15.999057,'<blockquote class="twitter-tweet" data-conversation="none" data-cards="hidden" width="350" lang="it"><p>What+will+brake+me...</p><a href="https://twitter.com/pdgmarina/status/530483093678063616">Settembre 2014</a></blockquote>'
45.803138,15.958724,'<blockquote class="twitter-tweet" data-conversation="none" data-cards="hidden" width="350" lang="it"><p>%40mick34795310+same+to+you+and+I%27ll+talk+to+you+soon%21</p><a href="https://twitter.com/bassman781/status/530508121668845569">Settembre 2014</a></blockquote>'
45.803145,15.958708,'<blockquote class="twitter-tweet" data-conversation="none" data-cards="hidden" width="350" lang="it"><p>With+Igor+Cecocho+and+our+%40pickettbrass+mouthpieces%21+http%3A%2F%2Ft.co%2Fte7WnKVWCK</p><a href="https://twitter.com/bassman781/status/530505956174876674">Settembre 2014</a></blockquote>'
45.803143,15.95871,'<blockquote class="twitter-tweet" data-conversation="none" data-cards="hidden" width="350" lang="it"><p>%40mick34795310+It+was+great%21+3+day+masterclass%2C+recital+and+concerto+with+Army+Band%21+Ben+told+me+that+you+are+in+Singapore.+Have+fun+for+us%21%21</p><a href="https://twitter.com/bassman781/status/530507693623357440">Settembre 2014</a></blockquote>'
45.341778,14.416613,'<blockquote class="twitter-tweet" data-conversation="none" data-cards="hidden" width="350" lang="it"><p>True+that.+4th+day+in+a+row.+%23party+%23collegelife+%23keepitcoming+%23ForeverYoungAtHeart+http%3A%2F%2Ft.co%2FjRLMif7xtS</p><a href="https://twitter.com/Morales15zd/status/530502791035625472">Settembre 2014</a></blockquote>'
45.495271,15.536111,'<blockquote class="twitter-tweet" data-conversation="none" data-cards="hidden" width="350" lang="it"><p>This+is+a+challenge%21%21%21%21+%23Bdaydinner+%40+Restoran+Kvaka+http%3A%2F%2Ft.co%2FTKf2pLp0U9</p><a href="https://twitter.com/IvaCOBHC/status/530504505973297152">Settembre 2014</a></blockquote>'
42.482743,14.194261,'<blockquote class="twitter-tweet" data-conversation="none" data-cards="hidden" width="350" lang="it"><p>Ma+Travaglio+ha+qualche+problema+mi+sa...+%23serviziopubblico</p><a href="https://twitter.com/laurabici/status/530489742090305536">Settembre 2014</a></blockquote>'
45.330226,18.418843,'<blockquote class="twitter-tweet" data-conversation="none" data-cards="hidden" width="350" lang="it"><p>bananas+or+bananas%3F+%23AskYammouni</p><a href="https://twitter.com/_caluminmyhood_/status/530486501172596736">Settembre 2014</a></blockquote>'
45.330212,18.41894,'<blockquote class="twitter-tweet" data-conversation="none" data-cards="hidden" width="350" lang="it"><p>hey+%40KianLawley++%0Ayou%27re+my+%E2%98%80%EF%B8%8F+%0Ait+would+mean+the+%F0%9F%8C%8D+to+me+if+you+follow+me%3F+%0Ailysm+%E2%9D%A4%EF%B8%8F%E2%9D%A4%EF%B8%8F+315%0A%0A%23vote5sos</p><a href="https://twitter.com/_caluminmyhood_/status/530477976039989250">Settembre 2014</a></blockquote>'
45.330227,18.41907,'<blockquote class="twitter-tweet" data-conversation="none" data-cards="hidden" width="350" lang="it"><p>hey+%40KianLawley++%0Ayou%27re+my+%E2%98%80%EF%B8%8F+%0Ait+would+mean+the+%F0%9F%8C%8D+to+me+if+you+follow+me%3F+%0Ailysm+%E2%9D%A4%EF%B8%8F%E2%9D%A4%EF%B8%8F+310%0A%0A%23vote5sos</p><a href="https://twitter.com/_caluminmyhood_/status/530477813129052160">Settembre 2014</a></blockquote>'
45.342175,18.422667,'<blockquote class="twitter-tweet" data-conversation="none" data-cards="hidden" width="350" lang="it"><p>calum+you+nasty+%23vote5sos+http%3A%2F%2Ft.co%2FLi59TNGv9S</p><a href="https://twitter.com/_caluminmyhood_/status/530498937023897600">Settembre 2014</a></blockquote>'
45.330451,18.419178,'<blockquote class="twitter-tweet" data-conversation="none" data-cards="hidden" width="350" lang="it"><p>if+you+don%27t+%23vote5sos++%F0%9F%8C%9A+http%3A%2F%2Ft.co%2FL9KFj3NUbl</p><a href="https://twitter.com/_caluminmyhood_/status/530501659550838785">Settembre 2014</a></blockquote>'
45.330399,18.419144,'<blockquote class="twitter-tweet" data-conversation="none" data-cards="hidden" width="350" lang="it"><p>hey+%40KianLawley++%0Ayou%27re+my+%E2%98%80%EF%B8%8F+%0Ait+would+mean+the+%F0%9F%8C%8D+to+me+if+you+follow+me%3F+%0Ailysm+%E2%9D%A4%EF%B8%8F%E2%9D%A4%EF%B8%8F+304%0A%0A%23vote5sos</p><a href="https://twitter.com/_caluminmyhood_/status/530477546174160898">Settembre 2014</a></blockquote>'
45.330163,18.419042,'<blockquote class="twitter-tweet" data-conversation="none" data-cards="hidden" width="350" lang="it"><p>hey+%40KianLawley++%0Ayou%27re+my+%E2%98%80%EF%B8%8F+%0Ait+would+mean+the+%F0%9F%8C%8D+to+me+if+you+follow+me%3F+%0Ailysm+%E2%9D%A4%EF%B8%8F%E2%9D%A4%EF%B8%8F+308%0A%0A%23vote5sos</p><a href="https://twitter.com/_caluminmyhood_/status/530477750541635584">Settembre 2014</a></blockquote>'
45.330255,18.41899,'<blockquote class="twitter-tweet" data-conversation="none" data-cards="hidden" width="350" lang="it"><p>how%3F+%23AskYammouni</p><a href="https://twitter.com/_caluminmyhood_/status/530486292526923777">Settembre 2014</a></blockquote>'
45.330204,18.41899,'<blockquote class="twitter-tweet" data-conversation="none" data-cards="hidden" width="350" lang="it"><p>%F0%9F%8D%A0+what+is+this%3F++%23AskYammouni</p><a href="https://twitter.com/_caluminmyhood_/status/530486686816673792">Settembre 2014</a></blockquote>'
45.330255,18.41899,'<blockquote class="twitter-tweet" data-conversation="none" data-cards="hidden" width="350" lang="it"><p>when%3F+%23AskYammouni</p><a href="https://twitter.com/_caluminmyhood_/status/530486307890663426">Settembre 2014</a></blockquote>'
45.330067,18.418817,'<blockquote class="twitter-tweet" data-conversation="none" data-cards="hidden" width="350" lang="it"><p>%23vote5sos++%F0%9F%90%A2</p><a href="https://twitter.com/_caluminmyhood_/status/530483832026570752">Settembre 2014</a></blockquote>'
45.343743,18.423233,'<blockquote class="twitter-tweet" data-conversation="none" data-cards="hidden" width="350" lang="it"><p>%23vote5sos</p><a href="https://twitter.com/_caluminmyhood_/status/530491195454418944">Settembre 2014</a></blockquote>'
45.343642,18.423172,'<blockquote class="twitter-tweet" data-conversation="none" data-cards="hidden" width="350" lang="it"><p>%23vote5sos++bc+they+deserve+it%21%21</p><a href="https://twitter.com/_caluminmyhood_/status/530489962551320576">Settembre 2014</a></blockquote>'
45.330364,18.418911,'<blockquote class="twitter-tweet" data-conversation="none" data-cards="hidden" width="350" lang="it"><p>hey+%40KianLawley++%0Ayou%27re+my+%E2%98%80%EF%B8%8F+%0Ait+would+mean+the+%F0%9F%8C%8D+to+me+if+you+follow+me%3F+%0Ailysm+%E2%9D%A4%EF%B8%8F%E2%9D%A4%EF%B8%8F+317%0A%0A%23vote5sos</p><a href="https://twitter.com/_caluminmyhood_/status/530478084274028545">Settembre 2014</a></blockquote>'
45.330212,18.41894,'<blockquote class="twitter-tweet" data-conversation="none" data-cards="hidden" width="350" lang="it"><p>hey+%40KianLawley++%0Ayou%27re+my+%E2%98%80%EF%B8%8F+%0Ait+would+mean+the+%F0%9F%8C%8D+to+me+if+you+follow+me%3F+%0Ailysm+%E2%9D%A4%EF%B8%8F%E2%9D%A4%EF%B8%8F+313%0A%0A%23vote5sos</p><a href="https://twitter.com/_caluminmyhood_/status/530477912139788289">Settembre 2014</a></blockquote>'
45.330359,18.419131,'<blockquote class="twitter-tweet" data-conversation="none" data-cards="hidden" width="350" lang="it"><p>hey+%40KianLawley++%0Ayou%27re+my+%E2%98%80%EF%B8%8F+%0Ait+would+mean+the+%F0%9F%8C%8D+to+me+if+you+follow+me%3F+%0Ailysm+%E2%9D%A4%EF%B8%8F%E2%9D%A4%EF%B8%8F+307%0A%0A%23vote5sos</p><a href="https://twitter.com/_caluminmyhood_/status/530477645172310017">Settembre 2014</a></blockquote>'
45.330379,18.419136,'<blockquote class="twitter-tweet" data-conversation="none" data-cards="hidden" width="350" lang="it"><p>%40KianLawley++FUCKING+NOTICE+ME+ALREADYYYY%21%21%21%21%21</p><a href="https://twitter.com/_caluminmyhood_/status/530478919661924354">Settembre 2014</a></blockquote>'
45.330339,18.41916,'<blockquote class="twitter-tweet" data-conversation="none" data-cards="hidden" width="350" lang="it"><p>%23vote5sos++%23vote5sos++%23vote5sos++%23vote5sos</p><a href="https://twitter.com/_caluminmyhood_/status/530477364099432449">Settembre 2014</a></blockquote>'
45.330359,18.419131,'<blockquote class="twitter-tweet" data-conversation="none" data-cards="hidden" width="350" lang="it"><p>hey+%40KianLawley++%0Ayou%27re+my+%E2%98%80%EF%B8%8F+%0Ait+would+mean+the+%F0%9F%8C%8D+to+me+if+you+follow+me%3F+%0Ailysm+%E2%9D%A4%EF%B8%8F%E2%9D%A4%EF%B8%8F+306%0A%0A%23vote5sos</p><a href="https://twitter.com/_caluminmyhood_/status/530477613719240704">Settembre 2014</a></blockquote>'
45.330365,18.419132,'<blockquote class="twitter-tweet" data-conversation="none" data-cards="hidden" width="350" lang="it"><p>my+first+pic+of+calum+on+my+phone+%23vote5sos+http%3A%2F%2Ft.co%2FI1mkLhjyPy</p><a href="https://twitter.com/_caluminmyhood_/status/530495455843848193">Settembre 2014</a></blockquote>'
45.330373,18.419135,'<blockquote class="twitter-tweet" data-conversation="none" data-cards="hidden" width="350" lang="it"><p>yes+or+no%3F++%23AskYammouni</p><a href="https://twitter.com/_caluminmyhood_/status/530486141670395904">Settembre 2014</a></blockquote>'
45.330364,18.418911,'<blockquote class="twitter-tweet" data-conversation="none" data-cards="hidden" width="350" lang="it"><p>hey+%40KianLawley++%0Ayou%27re+my+%E2%98%80%EF%B8%8F+%0Ait+would+mean+the+%F0%9F%8C%8D+to+me+if+you+follow+me%3F+%0Ailysm+%E2%9D%A4%EF%B8%8F%E2%9D%A4%EF%B8%8F+318%0A%0A%23vote5sos</p><a href="https://twitter.com/_caluminmyhood_/status/530478127924137985">Settembre 2014</a></blockquote>'
45.330193,18.419108,'<blockquote class="twitter-tweet" data-conversation="none" data-cards="hidden" width="350" lang="it"><p>yes+or+yes%3F+%23AskYammouni</p><a href="https://twitter.com/_caluminmyhood_/status/530487041524776960">Settembre 2014</a></blockquote>'
45.330311,18.419118,'<blockquote class="twitter-tweet" data-conversation="none" data-cards="hidden" width="350" lang="it"><p>why%3F++%23AskYammouni</p><a href="https://twitter.com/_caluminmyhood_/status/530486269210808322">Settembre 2014</a></blockquote>'
45.344722,18.42352,'<blockquote class="twitter-tweet" data-conversation="none" data-cards="hidden" width="350" lang="it"><p>goodnight+and+don%27t+forget+to+%23vote5sos+%E2%9C%8C%EF%B8%8F%F0%9F%98%B4</p><a href="https://twitter.com/_caluminmyhood_/status/530502458007896064">Settembre 2014</a></blockquote>'
45.345628,18.423801,'<blockquote class="twitter-tweet" data-conversation="none" data-cards="hidden" width="350" lang="it"><p>kian+should+do+a+follow+spree+%F0%9F%98%AD</p><a href="https://twitter.com/_caluminmyhood_/status/530492178892857344">Settembre 2014</a></blockquote>'
45.330212,18.41894,'<blockquote class="twitter-tweet" data-conversation="none" data-cards="hidden" width="350" lang="it"><p>hey+%40KianLawley++%0Ayou%27re+my+%E2%98%80%EF%B8%8F+%0Ait+would+mean+the+%F0%9F%8C%8D+to+me+if+you+follow+me%3F+%0Ailysm+%E2%9D%A4%EF%B8%8F%E2%9D%A4%EF%B8%8F+314%0A%0A%23vote5sos</p><a href="https://twitter.com/_caluminmyhood_/status/530477945346076672">Settembre 2014</a></blockquote>'
45.330359,18.419131,'<blockquote class="twitter-tweet" data-conversation="none" data-cards="hidden" width="350" lang="it"><p>hey+%40KianLawley++%0Ayou%27re+my+%E2%98%80%EF%B8%8F+%0Ait+would+mean+the+%F0%9F%8C%8D+to+me+if+you+follow+me%3F+%0Ailysm+%E2%9D%A4%EF%B8%8F%E2%9D%A4%EF%B8%8F+305%0A%0A%23vote5sos</p><a href="https://twitter.com/_caluminmyhood_/status/530477581314048002">Settembre 2014</a></blockquote>'
45.330459,18.419177,'<blockquote class="twitter-tweet" data-conversation="none" data-cards="hidden" width="350" lang="it"><p>one+banana+or+two+bananas%3F++%23AskYammouni</p><a href="https://twitter.com/_caluminmyhood_/status/530486458768171008">Settembre 2014</a></blockquote>'
45.330712,18.419276,'<blockquote class="twitter-tweet" data-conversation="none" data-cards="hidden" width="350" lang="it"><p>do+you+like+bananas%3F+%F0%9F%8D%8C+%23AskYammouni</p><a href="https://twitter.com/_caluminmyhood_/status/530485016850337795">Settembre 2014</a></blockquote>'
45.330364,18.418911,'<blockquote class="twitter-tweet" data-conversation="none" data-cards="hidden" width="350" lang="it"><p>hey+%40KianLawley++%0Ayou%27re+my+%E2%98%80%EF%B8%8F+%0Ait+would+mean+the+%F0%9F%8C%8D+to+me+if+you+follow+me%3F+%0Ailysm+%E2%9D%A4%EF%B8%8F%E2%9D%A4%EF%B8%8F+319%0A%0A%23vote5sos</p><a href="https://twitter.com/_caluminmyhood_/status/530478178004127746">Settembre 2014</a></blockquote>'
45.343266,18.42296,'<blockquote class="twitter-tweet" data-conversation="none" data-cards="hidden" width="350" lang="it"><p>otp%21+It%27s+not+fake+I+promise%21+%23vote5sos+http%3A%2F%2Ft.co%2FxHNTdMWxn7</p><a href="https://twitter.com/_caluminmyhood_/status/530496871505362944">Settembre 2014</a></blockquote>'
45.343266,18.42296,'<blockquote class="twitter-tweet" data-conversation="none" data-cards="hidden" width="350" lang="it"><p>otp%21+It%27s+not+fake+I+promise%21+%23vote5sos+http%3A%2F%2Ft.co%2FxHNTdMWxn7</p><a href="https://twitter.com/_caluminmyhood_/status/530496871505362944">Settembre 2014</a></blockquote>'
45.330227,18.41907,'<blockquote class="twitter-tweet" data-conversation="none" data-cards="hidden" width="350" lang="it"><p>hey+%40KianLawley++%0Ayou%27re+my+%E2%98%80%EF%B8%8F+%0Ait+would+mean+the+%F0%9F%8C%8D+to+me+if+you+follow+me%3F+%0Ailysm+%E2%9D%A4%EF%B8%8F%E2%9D%A4%EF%B8%8F+312%0A%0A%23vote5sos</p><a href="https://twitter.com/_caluminmyhood_/status/530477873925480448">Settembre 2014</a></blockquote>'
45.330227,18.41907,'<blockquote class="twitter-tweet" data-conversation="none" data-cards="hidden" width="350" lang="it"><p>hey+%40KianLawley++%0Ayou%27re+my+%E2%98%80%EF%B8%8F+%0Ait+would+mean+the+%F0%9F%8C%8D+to+me+if+you+follow+me%3F+%0Ailysm+%E2%9D%A4%EF%B8%8F%E2%9D%A4%EF%B8%8F+311%0A%0A%23vote5sos</p><a href="https://twitter.com/_caluminmyhood_/status/530477846574415872">Settembre 2014</a></blockquote>'
45.330227,18.41907,'<blockquote class="twitter-tweet" data-conversation="none" data-cards="hidden" width="350" lang="it"><p>hey+%40KianLawley++%0Ayou%27re+my+%E2%98%80%EF%B8%8F+%0Ait+would+mean+the+%F0%9F%8C%8D+to+me+if+you+follow+me%3F+%0Ailysm+%E2%9D%A4%EF%B8%8F%E2%9D%A4%EF%B8%8F+309%0A%0A%23vote5sos</p><a href="https://twitter.com/_caluminmyhood_/status/530477780614787072">Settembre 2014</a></blockquote>'
45.330453,18.419179,'<blockquote class="twitter-tweet" data-conversation="none" data-cards="hidden" width="350" lang="it"><p>%F0%9F%98%82%F0%9F%98%82%F0%9F%98%82+%23vote5sos+http%3A%2F%2Ft.co%2FnLgiPOc74i</p><a href="https://twitter.com/_caluminmyhood_/status/530472944062185474">Settembre 2014</a></blockquote>'
45.330447,18.419176,'<blockquote class="twitter-tweet" data-conversation="none" data-cards="hidden" width="350" lang="it"><p>%F0%9F%98%8D+%0A%23vote5sos+http%3A%2F%2Ft.co%2Fv286VqvuZl</p><a href="https://twitter.com/_caluminmyhood_/status/530476625880965120">Settembre 2014</a></blockquote>'
45.330269,18.419019,'<blockquote class="twitter-tweet" data-conversation="none" data-cards="hidden" width="350" lang="it"><p>hey+%40KianLawley++%0Ayou%27re+my+%E2%98%80%EF%B8%8F+%0Ait+would+mean+the+%F0%9F%8C%8D+to+me+if+you+follow+me%3F+%0Ailysm+%E2%9D%A4%EF%B8%8F%E2%9D%A4%EF%B8%8F+320%0A%0A%23vote5sos</p><a href="https://twitter.com/_caluminmyhood_/status/530478211826982912">Settembre 2014</a></blockquote>'
45.330382,18.419138,'<blockquote class="twitter-tweet" data-conversation="none" data-cards="hidden" width="350" lang="it"><p>%23vote5sos++so+they+can+win+and+calum+can+buy+himself+a+shirt%F0%9F%98%A2+http%3A%2F%2Ft.co%2F7kikYHztMs</p><a href="https://twitter.com/_caluminmyhood_/status/530495001877573632">Settembre 2014</a></blockquote>'
45.330364,18.418911,'<blockquote class="twitter-tweet" data-conversation="none" data-cards="hidden" width="350" lang="it"><p>hey+%40KianLawley++%0Ayou%27re+my+%E2%98%80%EF%B8%8F+%0Ait+would+mean+the+%F0%9F%8C%8D+to+me+if+you+follow+me%3F+%0Ailysm+%E2%9D%A4%EF%B8%8F%E2%9D%A4%EF%B8%8F+316%0A%0A%23vote5sos</p><a href="https://twitter.com/_caluminmyhood_/status/530478052028190723">Settembre 2014</a></blockquote>'
45.788916,15.9639,'<blockquote class="twitter-tweet" data-conversation="none" data-cards="hidden" width="350" lang="it"><p>%40justinbieber+%40shots+nice+hat+%F0%9F%91%8D</p><a href="https://twitter.com/NinaBrezak/status/530475170398740480">Settembre 2014</a></blockquote>'
45.788771,15.963976,'<blockquote class="twitter-tweet" data-conversation="none" data-cards="hidden" width="350" lang="it"><p>%23Academics+%23Engineers+%23CoolKidsYOK+http%3A%2F%2Ft.co%2FFpwswXy718</p><a href="https://twitter.com/NinaBrezak/status/530512376748343297">Settembre 2014</a></blockquote>'
42.423327,14.196854,'<blockquote class="twitter-tweet" data-conversation="none" data-cards="hidden" width="350" lang="it"><p>Le+giuoie+de+la+vida+http%3A%2F%2Ft.co%2FuroKl9zWWI</p><a href="https://twitter.com/steminchie/status/530502448251953152">Settembre 2014</a></blockquote>'
42.460469,14.216767,'<blockquote class="twitter-tweet" data-conversation="none" data-cards="hidden" width="350" lang="it"><p>In+effetti+dovrei+pesare+230+kg</p><a href="https://twitter.com/steminchie/status/530517148729630720">Settembre 2014</a></blockquote>'
42.460526,14.216737,'<blockquote class="twitter-tweet" data-conversation="none" data-cards="hidden" width="350" lang="it"><p>La+mia+golosit%C3%A0+non+ha+limiti</p><a href="https://twitter.com/steminchie/status/530516425744871424">Settembre 2014</a></blockquote>'
42.460401,14.216868,'<blockquote class="twitter-tweet" data-conversation="none" data-cards="hidden" width="350" lang="it"><p>Ecco+ora+non+posso+pi%C3%B9+scorrere+la+TL+altrimenti+mi+auto+spoilerizzo+xfactor.+SIETE+DELLE+MERDE</p><a href="https://twitter.com/steminchie/status/530518759422042114">Settembre 2014</a></blockquote>'
42.460641,14.216763,'<blockquote class="twitter-tweet" data-conversation="none" data-cards="hidden" width="350" lang="it"><p>Twitter+si+basa+sull%27assioma+DI+SICURO+LO+AVRANNO+GI%C3%80+SCRITTO+PRIMA+DI+TE</p><a href="https://twitter.com/steminchie/status/530517747109990400">Settembre 2014</a></blockquote>'
45.805605,15.800258,'<blockquote class="twitter-tweet" data-conversation="none" data-cards="hidden" width="350" lang="it"><p>I%27m+at+My+house+https%3A%2F%2Ft.co%2FxoQx3usXCj</p><a href="https://twitter.com/mrwavibor/status/530512924545392640">Settembre 2014</a></blockquote>'
46.424898,16.430947,'<blockquote class="twitter-tweet" data-conversation="none" data-cards="hidden" width="350" lang="it"><p>%40ivatkalcec+nove+hlace%3F%21%3F+%F0%9F%98%B1</p><a href="https://twitter.com/AbigailScott27/status/530490014451662848">Settembre 2014</a></blockquote>'
45.810974,15.979867,'<blockquote class="twitter-tweet" data-conversation="none" data-cards="hidden" width="350" lang="it"><p>sude%C4%87i+po+najkori%C5%A1tenijim+emojijima%2C+ili+pla%C4%8Dem%2C+ili+%C5%A1aljem+puse.+samo+tugica+%26+ljubav</p><a href="https://twitter.com/kenotina/status/530493481572368385">Settembre 2014</a></blockquote>'
45.806792,15.981701,'<blockquote class="twitter-tweet" data-conversation="none" data-cards="hidden" width="350" lang="it"><p>%E2%89%887%2C9+km+%28intensity+50%25%2C+area+10%25%29+-+for+more+http%3A%2F%2Ft.co%2Fz5N9XxOzgw%0A%2811%2F7%2F14+12%3A15+AM%29+%23zagreb+http%3A%2F%2Ft.co%2F7xp1AjOt3E</p><a href="https://twitter.com/rainInZagreb/status/530498806488784897">Settembre 2014</a></blockquote>'
45.806792,15.981701,'<blockquote class="twitter-tweet" data-conversation="none" data-cards="hidden" width="350" lang="it"><p>%E2%89%884%2C7+km+%28intensity+60%25%2C+area+38%25%29+-+for+more+http%3A%2F%2Ft.co%2Fz5N9XxOzgw%0A%2811%2F7%2F14+1%3A26+AM%29+%23zagreb+http%3A%2F%2Ft.co%2FKjvbAHsrkt</p><a href="https://twitter.com/rainInZagreb/status/530516707530768385">Settembre 2014</a></blockquote>'
45.806792,15.981701,'<blockquote class="twitter-tweet" data-conversation="none" data-cards="hidden" width="350" lang="it"><p>%E2%89%8814%2C9+km+%28intensity+60%25%2C+area+32%25%29+-+for+more+http%3A%2F%2Ft.co%2Fz5N9XxOzgw%0A%2811%2F7%2F14+2%3A38+AM%29+%23zagreb+http%3A%2F%2Ft.co%2F98ho4XVpnG</p><a href="https://twitter.com/rainInZagreb/status/530534621851975681">Settembre 2014</a></blockquote>'
45.82396,16.056516,'<blockquote class="twitter-tweet" data-conversation="none" data-cards="hidden" width="350" lang="it"><p>%40nathalia73+follow+mee+pleasee+pleasee%21%21%21%21%21%21+http%3A%2F%2Ft.co%2FKs7KPIXDJe</p><a href="https://twitter.com/gabi0296128688/status/530488065945772034">Settembre 2014</a></blockquote>'
43.517613,16.474967,'<blockquote class="twitter-tweet" data-conversation="none" data-cards="hidden" width="350" lang="it"><p>%40lmjkordei%3A+QUOTE+AND+RT+IF+YOU+NEED+HELP+DURING+CAMILA%27S+FOLLOW+SPREE+%23votefifthharmony</p><a href="https://twitter.com/5thmirroronwall/status/530505236323254272">Settembre 2014</a></blockquote>'
43.517663,16.474926,'<blockquote class="twitter-tweet" data-conversation="none" data-cards="hidden" width="350" lang="it"><p>Will+someone+please+help+me+to+get+Camila%27s+follow+%3F%3F+I%27m+affraid+I%27m+going+to+fall+asleep...+Again%21+%23votefifthharmony</p><a href="https://twitter.com/5thmirroronwall/status/530512536631001090">Settembre 2014</a></blockquote>'
43.517642,16.474983,'<blockquote class="twitter-tweet" data-conversation="none" data-cards="hidden" width="350" lang="it"><p>Are+the+girls+still+in+New+York%3F+%23votefifthharmony</p><a href="https://twitter.com/5thmirroronwall/status/530542958085701632">Settembre 2014</a></blockquote>'
43.517612,16.474962,'<blockquote class="twitter-tweet" data-conversation="none" data-cards="hidden" width="350" lang="it"><p>WTH%3F%21%3F%21+%23votefifthharmony+http%3A%2F%2Ft.co%2FkDAPz33ajP</p><a href="https://twitter.com/5thmirroronwall/status/530477263507456000">Settembre 2014</a></blockquote>'
43.517622,16.474947,'<blockquote class="twitter-tweet" data-conversation="none" data-cards="hidden" width="350" lang="it"><p>%40camilacabello97+you+should+add+to+your+bio+%3A+and+I+my+heart+beats+like+a+sledgehammer+%F0%9F%98%89+%23votefifthharmony</p><a href="https://twitter.com/5thmirroronwall/status/530539756510543872">Settembre 2014</a></blockquote>'
43.517617,16.475049,'<blockquote class="twitter-tweet" data-conversation="none" data-cards="hidden" width="350" lang="it"><p>Gogogogo+%23votefifthharmony</p><a href="https://twitter.com/5thmirroronwall/status/530510829578629120">Settembre 2014</a></blockquote>'
43.51762,16.474904,'<blockquote class="twitter-tweet" data-conversation="none" data-cards="hidden" width="350" lang="it"><p>Dinah+reminds+me+of+someone+here....guess+who%3F+%F0%9F%98%82+%23votefifthharmony+http%3A%2F%2Ft.co%2FQ63WBzrYbe</p><a href="https://twitter.com/5thmirroronwall/status/530474449917980672">Settembre 2014</a></blockquote>'
43.517639,16.474961,'<blockquote class="twitter-tweet" data-conversation="none" data-cards="hidden" width="350" lang="it"><p>%40camilacabello97+khmmm+hello%21%21%21+Camila%21+Please+do+a+follow+spree+now+or+don%27t+do+it+today+cause+it%27s+3am+and+I+have+school+%23votefifthharmony</p><a href="https://twitter.com/5thmirroronwall/status/530545249802670080">Settembre 2014</a></blockquote>'
43.517656,16.474998,'<blockquote class="twitter-tweet" data-conversation="none" data-cards="hidden" width="350" lang="it"><p>%40VinesOf5H%3A+%23votefifthharmony+http%3A%2F%2Ft.co%2FiaAtWLoDiO</p><a href="https://twitter.com/5thmirroronwall/status/530500678045941761">Settembre 2014</a></blockquote>'
45.795529,15.824871,'<blockquote class="twitter-tweet" data-conversation="none" data-cards="hidden" width="350" lang="it"><p>%40sexiestmanalive+%40channingtatum</p><a href="https://twitter.com/BarunBrane/status/530539991114743808">Settembre 2014</a></blockquote>'
45.795529,15.824869,'<blockquote class="twitter-tweet" data-conversation="none" data-cards="hidden" width="350" lang="it"><p>%40peoplemag</p><a href="https://twitter.com/BarunBrane/status/530540767442653184">Settembre 2014</a></blockquote>'
45.795531,15.824868,'<blockquote class="twitter-tweet" data-conversation="none" data-cards="hidden" width="350" lang="it"><p>%23SexiestManAlive</p><a href="https://twitter.com/BarunBrane/status/530535427250593792">Settembre 2014</a></blockquote>'
46.34767,16.362354,'<blockquote class="twitter-tweet" data-conversation="none" data-cards="hidden" width="350" lang="it"><p>861km+von+dir+entfernt%2C+meine+Gedanken+zu+dir+bleiben+im+leeren+Kopfkissen+neben+mir.%0A%0A%2322uhrnonmention</p><a href="https://twitter.com/wagnerlrs/status/530479705410244609">Settembre 2014</a></blockquote>'
42.462264,14.205403,'<blockquote class="twitter-tweet" data-conversation="none" data-cards="hidden" width="350" lang="it"><p>O+tutto%2C+tu+subito+o+niente.</p><a href="https://twitter.com/JUSTMEVIRGI/status/530499371008524288">Settembre 2014</a></blockquote>'
42.462264,14.205403,'<blockquote class="twitter-tweet" data-conversation="none" data-cards="hidden" width="350" lang="it"><p>Quindi+mangiare+un+barattolo+di+nutella+non+risolve+i+problemi+sentimentali%3F</p><a href="https://twitter.com/JUSTMEVIRGI/status/530497908077260800">Settembre 2014</a></blockquote>'
42.464629,14.18673,'<blockquote class="twitter-tweet" data-conversation="none" data-cards="hidden" width="350" lang="it"><p>Io+in+premestruo+calma+come+Vittorio+Sgarbi.</p><a href="https://twitter.com/JUSTMEVIRGI/status/530496006681812993">Settembre 2014</a></blockquote>'
43.272214,17.054281,'<blockquote class="twitter-tweet" data-conversation="none" data-cards="hidden" width="350" lang="it"><p>%40Michael5SOS+http%3A%2F%2Ft.co%2FX2Z2hCOqvB</p><a href="https://twitter.com/MarinaMendes100/status/530472126604902400">Settembre 2014</a></blockquote>'
43.272221,17.054278,'<blockquote class="twitter-tweet" data-conversation="none" data-cards="hidden" width="350" lang="it"><p>*waiting+for+a+michael%27s+follow*%0A%0Ai%27ll+wait+for+u+babe%0Ait%27s+all+i+do+babe%0A%0A%40Michael5SOS+http%3A%2F%2Ft.co%2FGGjiKX0O0I</p><a href="https://twitter.com/MarinaMendes100/status/530473234287034374">Settembre 2014</a></blockquote>'
45.80421,15.965611,'<blockquote class="twitter-tweet" data-conversation="none" data-cards="hidden" width="350" lang="it"><p>Neki+novi+%23tweetupzg%3F+Bilo+bi+vrijeme+%3A%29+%40IvanaLjubich+%40RuskaKruska+sto+kazete%3F</p><a href="https://twitter.com/LPavlicic/status/530481373141012480">Settembre 2014</a></blockquote>'
42.450341,14.226622,'<blockquote class="twitter-tweet" data-conversation="none" data-cards="hidden" width="350" lang="it"><p>%23Buonanottebelli</p><a href="https://twitter.com/elenasisti9/status/530542176359690240">Settembre 2014</a></blockquote>'
42.450354,14.226615,'<blockquote class="twitter-tweet" data-conversation="none" data-cards="hidden" width="350" lang="it"><p>2+ore+di+sonno+su+48+sveglia+%0A%23cipu%C3%B2stare</p><a href="https://twitter.com/elenasisti9/status/530542088505798656">Settembre 2014</a></blockquote>'
42.450344,14.226641,'<blockquote class="twitter-tweet" data-conversation="none" data-cards="hidden" width="350" lang="it"><p>Il+cornetto+a+quest%27ora+%C3%A8+d%27obbligo+%0A%23famenotturna</p><a href="https://twitter.com/elenasisti9/status/530541614331355136">Settembre 2014</a></blockquote>'
42.463378,14.187181,'<blockquote class="twitter-tweet" data-conversation="none" data-cards="hidden" width="350" lang="it"><p>%23vscoE5+%23vscodaily+%23vscogang+%23vscool+%23instagood+%23instacool+%23instavsco+%23igerscool+%23igers_pescara%E2%80%A6+http%3A%2F%2Ft.co%2FA6bmWfAqMz</p><a href="https://twitter.com/Svalvonauta/status/530485586604593153">Settembre 2014</a></blockquote>'
42.491723,14.182244,'<blockquote class="twitter-tweet" data-conversation="none" data-cards="hidden" width="350" lang="it"><p>%40XFactor_Italia+Camilla+non+sa+comportarsi+sopra+ad+un+palco%21Trasmette+ansia+soprattutto+quando+si+tocca+i+capelli+disperatamente%21</p><a href="https://twitter.com/EllyColangelo/status/530490532007784448">Settembre 2014</a></blockquote>'
45.784038,15.960069,'<blockquote class="twitter-tweet" data-conversation="none" data-cards="hidden" width="350" lang="it"><p>%40xleannem+you+deaf+of+something+%F0%9F%98%82%F0%9F%98%82++%23vote5sos+http%3A%2F%2Ft.co%2FCC1EVPYpAe</p><a href="https://twitter.com/MichelaMacri/status/530477382659223552">Settembre 2014</a></blockquote>'
45.777094,15.962914,'<blockquote class="twitter-tweet" data-conversation="none" data-cards="hidden" width="350" lang="it"><p>Guys+you+have+to+buy+%23WhoWeAreBook+book+by+%40onedirection+%21%21%21+%23EMABiggestFans1D+http%3A%2F%2Ft.co%2FXQXF3V5pOB</p><a href="https://twitter.com/TGunjevic/status/530479371422035969">Settembre 2014</a></blockquote>'
45.777091,15.962927,'<blockquote class="twitter-tweet" data-conversation="none" data-cards="hidden" width="350" lang="it"><p>Guys+you+have+to+buy+%23WhoWeAreBook+book+by+%40onedirection+%21%21%21+%23EMABiggestFans1D+http%3A%2F%2Ft.co%2FFo7gnkY8ba</p><a href="https://twitter.com/TGunjevic/status/530478661452177408">Settembre 2014</a></blockquote>'
45.777086,15.962922,'<blockquote class="twitter-tweet" data-conversation="none" data-cards="hidden" width="350" lang="it"><p>Guys+you+have+to+buy+%23WhoWeAreBook+book+by+%40onedirection+%21%21%21+%23EMABiggestFans1D+http%3A%2F%2Ft.co%2FjRUZYlvNmi</p><a href="https://twitter.com/TGunjevic/status/530481765530750976">Settembre 2014</a></blockquote>'
45.777093,15.962928,'<blockquote class="twitter-tweet" data-conversation="none" data-cards="hidden" width="350" lang="it"><p>101+today%2C+more+tomorrow...%0A%0AGuys+you+have+to+buy+%23WhoWeAreBook+book+by+%40onedirection+%21%21%21+%23EMABiggestFans1D+http%3A%2F%2Ft.co%2FPPEZvGAX5t</p><a href="https://twitter.com/TGunjevic/status/530483054452932609">Settembre 2014</a></blockquote>'
45.777094,15.962914,'<blockquote class="twitter-tweet" data-conversation="none" data-cards="hidden" width="350" lang="it"><p>Guys+you+have+to+buy+%23WhoWeAreBook+book+by+%40onedirection+%21%21%21+%23EMABiggestFans1D+http%3A%2F%2Ft.co%2FPq03KiJZKW</p><a href="https://twitter.com/TGunjevic/status/530479308536819713">Settembre 2014</a></blockquote>'
45.777091,15.962927,'<blockquote class="twitter-tweet" data-conversation="none" data-cards="hidden" width="350" lang="it"><p>Guys+you+have+to+buy+%23WhoWeAreBook+book+by+%40onedirection+%21%21%21+%23EMABiggestFans1D+http%3A%2F%2Ft.co%2FThD5X7Tilb</p><a href="https://twitter.com/TGunjevic/status/530478745719930882">Settembre 2014</a></blockquote>'
45.777084,15.96296,'<blockquote class="twitter-tweet" data-conversation="none" data-cards="hidden" width="350" lang="it"><p>Guys+you+have+to+buy+%23WhoWeAreBook+book+by+%40onedirection+%21%21%21+%23EMABiggestFans1D+http%3A%2F%2Ft.co%2FZr2tMaF9Jj</p><a href="https://twitter.com/TGunjevic/status/530478955191885824">Settembre 2014</a></blockquote>'
45.777086,15.962936,'<blockquote class="twitter-tweet" data-conversation="none" data-cards="hidden" width="350" lang="it"><p>Guys+you+have+to+buy+%23WhoWeAreBook+book+by+%40onedirection+%21%21%21+%23EMABiggestFans1D+http%3A%2F%2Ft.co%2Ft606k4bkhB</p><a href="https://twitter.com/TGunjevic/status/530479015837327360">Settembre 2014</a></blockquote>'
45.777084,15.96296,'<blockquote class="twitter-tweet" data-conversation="none" data-cards="hidden" width="350" lang="it"><p>Guys+you+have+to+buy+%23WhoWeAreBook+book+by+%40onedirection+%21%21%21+%23EMABiggestFans1D+http%3A%2F%2Ft.co%2FOilkQ4IkLz</p><a href="https://twitter.com/TGunjevic/status/530478884316520448">Settembre 2014</a></blockquote>'
45.777108,15.962936,'<blockquote class="twitter-tweet" data-conversation="none" data-cards="hidden" width="350" lang="it"><p>Guys+you+have+to+buy+%23WhoWeAreBook+book+by+%40onedirection+%21%21%21+%23EMABiggestFans1D+http%3A%2F%2Ft.co%2F3KY9AKZ3z1</p><a href="https://twitter.com/TGunjevic/status/530481181507457025">Settembre 2014</a></blockquote>'
45.777095,15.96295,'<blockquote class="twitter-tweet" data-conversation="none" data-cards="hidden" width="350" lang="it"><p>Guys+you+have+to+buy+%23WhoWeAreBook+book+by+%40onedirection+%21%21%21+%23EMABiggestFans1D+http%3A%2F%2Ft.co%2FqWLyyDsvNM</p><a href="https://twitter.com/TGunjevic/status/530478810790387712">Settembre 2014</a></blockquote>'
45.777092,15.962935,'<blockquote class="twitter-tweet" data-conversation="none" data-cards="hidden" width="350" lang="it"><p>Guys+you+have+to+buy+%23WhoWeAreBook+book+by+%40onedirection+%21%21%21+%23EMABiggestFans1D+http%3A%2F%2Ft.co%2F7Vzr70kvO6</p><a href="https://twitter.com/TGunjevic/status/530480966335496192">Settembre 2014</a></blockquote>'
45.808641,15.98681,'<blockquote class="twitter-tweet" data-conversation="none" data-cards="hidden" width="350" lang="it"><p>Cooking+Mexican+food+%3A%29+%40+Tajna+Lokacija+http%3A%2F%2Ft.co%2FesuTiorbHs</p><a href="https://twitter.com/ManuelHarper/status/530475633928069120">Settembre 2014</a></blockquote>'
45.81049,15.97817,'<blockquote class="twitter-tweet" data-conversation="none" data-cards="hidden" width="350" lang="it"><p>Master+burrito+cook+...+%40+Park+Zrinjevac+http%3A%2F%2Ft.co%2FnhQCX8VU9z</p><a href="https://twitter.com/ManuelHarper/status/530473977668706306">Settembre 2014</a></blockquote>'
45.811234,15.950454,'<blockquote class="twitter-tweet" data-conversation="none" data-cards="hidden" width="350" lang="it"><p>%23AskYammouni+would+you+attend+college+if+you+weren%27t+a+part+of+the+Janoskians%3F</p><a href="https://twitter.com/hemmo_lame_oh/status/530481080319889410">Settembre 2014</a></blockquote>'
45.81124,15.950423,'<blockquote class="twitter-tweet" data-conversation="none" data-cards="hidden" width="350" lang="it"><p>%23AskYammouni+when+you+look+back+at+the+all+dares+you+guys+did%2C+which+one+was+the+worst+for+you%3F</p><a href="https://twitter.com/hemmo_lame_oh/status/530477514926604289">Settembre 2014</a></blockquote>'
45.811241,15.950422,'<blockquote class="twitter-tweet" data-conversation="none" data-cards="hidden" width="350" lang="it"><p>%23AskYammouni+you%27re+never+going+to+notice+me+right%3F</p><a href="https://twitter.com/hemmo_lame_oh/status/530483037075943425">Settembre 2014</a></blockquote>'
45.811229,15.950424,'<blockquote class="twitter-tweet" data-conversation="none" data-cards="hidden" width="350" lang="it"><p>%23AskYammouni+tell+me+baby+why+don%27t+you+love+meeeeeee</p><a href="https://twitter.com/hemmo_lame_oh/status/530487761523195904">Settembre 2014</a></blockquote>'
45.811217,15.950527,'<blockquote class="twitter-tweet" data-conversation="none" data-cards="hidden" width="350" lang="it"><p>ADKOHGGJGGAHAAAAHAHAHAHAHHAHAHAHHAHAHAAHAHHHHABAHAHAHHAHAHAHAHAHBAHAHAHAAHAHAHAH+%23vote5sos+http%3A%2F%2Ft.co%2FuLZyoCKIIH</p><a href="https://twitter.com/hemmo_lame_oh/status/530499434590003200">Settembre 2014</a></blockquote>'
45.811237,15.950472,'<blockquote class="twitter-tweet" data-conversation="none" data-cards="hidden" width="350" lang="it"><p>%23AskYammouni+I+HAD+I+GOOD+QUESTION+AND+I+FORGOT+IT+FML</p><a href="https://twitter.com/hemmo_lame_oh/status/530477247321604096">Settembre 2014</a></blockquote>'
45.811208,15.950446,'<blockquote class="twitter-tweet" data-conversation="none" data-cards="hidden" width="350" lang="it"><p>*tries+to+find+caption*%0A*finds+nothing*+%0A%0A%23vote5sos+http%3A%2F%2Ft.co%2FE256lZ3DOQ</p><a href="https://twitter.com/hemmo_lame_oh/status/530496821689581569">Settembre 2014</a></blockquote>'
45.811237,15.950424,'<blockquote class="twitter-tweet" data-conversation="none" data-cards="hidden" width="350" lang="it"><p>%23AskYammouni+WHY+WON%27T+YOU+COME+TO+CROATIA+IT%27S+REALLY+BEAUTIFUL+%3A%28</p><a href="https://twitter.com/hemmo_lame_oh/status/530482945992437760">Settembre 2014</a></blockquote>'
45.811218,15.950501,'<blockquote class="twitter-tweet" data-conversation="none" data-cards="hidden" width="350" lang="it"><p>HAAHAHAHABAHABAHAHAABAHAAABAHAGAHAHAHABAHABAH+OKAY+STOP+%23vote5sos+http%3A%2F%2Ft.co%2FuK2ovpilie</p><a href="https://twitter.com/hemmo_lame_oh/status/530498977763164160">Settembre 2014</a></blockquote>'
45.811242,15.950423,'<blockquote class="twitter-tweet" data-conversation="none" data-cards="hidden" width="350" lang="it"><p>%23AskYammouni+James+I+have+math+test+tomorrow+morning+and+I%27m+asking+you+questions.+I+think+it%27s+right+thing+to+do+to+notice+me+okay</p><a href="https://twitter.com/hemmo_lame_oh/status/530483718960738305">Settembre 2014</a></blockquote>'
45.811244,15.950421,'<blockquote class="twitter-tweet" data-conversation="none" data-cards="hidden" width="350" lang="it"><p>%23AskYammouni+what+was+the+name+of+the+first+pet+you+ever+had%3F</p><a href="https://twitter.com/hemmo_lame_oh/status/530483400407539712">Settembre 2014</a></blockquote>'
45.811237,15.950337,'<blockquote class="twitter-tweet" data-conversation="none" data-cards="hidden" width="350" lang="it"><p>%40James_Yammouni+what%27s+the+most+embarassing+thing+that+ever+happened+to+you%3F+%23AskYammouni</p><a href="https://twitter.com/hemmo_lame_oh/status/530487383083720704">Settembre 2014</a></blockquote>'
45.811214,15.950541,'<blockquote class="twitter-tweet" data-conversation="none" data-cards="hidden" width="350" lang="it"><p>FEELS+LIKE+I%27M+FALLIN+IN+LOVE+WHEN+I%27M+FALLIN+TO+THE+BATHROOM+FLOOOOR+%23vote5sos+http%3A%2F%2Ft.co%2FAuyQVvMokM</p><a href="https://twitter.com/hemmo_lame_oh/status/530499928779677696">Settembre 2014</a></blockquote>'
45.811251,15.950511,'<blockquote class="twitter-tweet" data-conversation="none" data-cards="hidden" width="350" lang="it"><p>%23AskYammouni+what+does+your+dream+girl+looks+like%3F</p><a href="https://twitter.com/hemmo_lame_oh/status/530481384239144961">Settembre 2014</a></blockquote>'
45.811233,15.950365,'<blockquote class="twitter-tweet" data-conversation="none" data-cards="hidden" width="350" lang="it"><p>%23vote5sos+for+fetus+Luke+http%3A%2F%2Ft.co%2Flhu1dPxXYo</p><a href="https://twitter.com/hemmo_lame_oh/status/530493859789549568">Settembre 2014</a></blockquote>'
45.81122,15.950483,'<blockquote class="twitter-tweet" data-conversation="none" data-cards="hidden" width="350" lang="it"><p>Favorite+Ashton%27s+picture%28s%29+ever+%23vote5sos+http%3A%2F%2Ft.co%2F00QCaWbM4s</p><a href="https://twitter.com/hemmo_lame_oh/status/530500949291585536">Settembre 2014</a></blockquote>'
45.811201,15.950431,'<blockquote class="twitter-tweet" data-conversation="none" data-cards="hidden" width="350" lang="it"><p>So+funny+I+forgot+to+laugh+%23vote5sos+http%3A%2F%2Ft.co%2FJBr0z3PmUj</p><a href="https://twitter.com/hemmo_lame_oh/status/530495462240161792">Settembre 2014</a></blockquote>'
45.811221,15.950464,'<blockquote class="twitter-tweet" data-conversation="none" data-cards="hidden" width="350" lang="it"><p>He%27s+one+of+us+%23vote5sos+http%3A%2F%2Ft.co%2FyhidqJpVQv</p><a href="https://twitter.com/hemmo_lame_oh/status/530502819200393220">Settembre 2014</a></blockquote>'
45.811219,15.95043,'<blockquote class="twitter-tweet" data-conversation="none" data-cards="hidden" width="350" lang="it"><p>%23vote5sos+http%3A%2F%2Ft.co%2FiaELe7snP7</p><a href="https://twitter.com/hemmo_lame_oh/status/530496185786974210">Settembre 2014</a></blockquote>'
45.81123,15.9504,'<blockquote class="twitter-tweet" data-conversation="none" data-cards="hidden" width="350" lang="it"><p>%F0%9F%98%8D%F0%9F%98%8D%F0%9F%98%8D%F0%9F%98%8D%F0%9F%98%8D+%23vote5sos+http%3A%2F%2Ft.co%2FQS4jPnLg7N</p><a href="https://twitter.com/hemmo_lame_oh/status/530493552162512898">Settembre 2014</a></blockquote>'
45.811229,15.950472,'<blockquote class="twitter-tweet" data-conversation="none" data-cards="hidden" width="350" lang="it"><p>%23AskYammouni+I+love+you+more+than+myself.+Byeeeee</p><a href="https://twitter.com/hemmo_lame_oh/status/530483130810269696">Settembre 2014</a></blockquote>'
45.811213,15.95049,'<blockquote class="twitter-tweet" data-conversation="none" data-cards="hidden" width="350" lang="it"><p>%40_caluminmyhood_+sesani+%23vote5sos</p><a href="https://twitter.com/hemmo_lame_oh/status/530498518684037121">Settembre 2014</a></blockquote>'
42.452661,14.225714,'<blockquote class="twitter-tweet" data-conversation="none" data-cards="hidden" width="350" lang="it"><p>%40VladimiroRenzul+Ti+ringrazio%2C+ma+l%27account%40marucci_silvana+non+%C3%A8+pi%C3%B9+attivo%2C+perci%C3%B2+ti+prego+di+spostare+il+follow+su+%40MarucciSilvana.</p><a href="https://twitter.com/MarucciSilvana/status/530495975752994816">Settembre 2014</a></blockquote>'
42.452661,14.225714,'<blockquote class="twitter-tweet" data-conversation="none" data-cards="hidden" width="350" lang="it"><p>%40TerraMaestosa+Ti+ringrazio+molto%2C+ma+ti+prego+di+togliere+il+follow+a+%40marucci_silvana+%2C+account+disattivo%2C+e+di+spostarlo+qui.</p><a href="https://twitter.com/MarucciSilvana/status/530494467883933697">Settembre 2014</a></blockquote>'
42.455062,14.226541,'<blockquote class="twitter-tweet" data-conversation="none" data-cards="hidden" width="350" lang="it"><p>%40BelindaNowlin+Thanks+for+following+me.</p><a href="https://twitter.com/MarucciSilvana/status/530515346818883584">Settembre 2014</a></blockquote>'
42.489126,14.175796,'<blockquote class="twitter-tweet" data-conversation="none" data-cards="hidden" width="350" lang="it"><p>Domani+possibili+interrogazioni+di+storia+dell%27arte%2C+storia+e+italiano.+%0A.....Bbbeeeh+rimarr%C3%B2+a+casa</p><a href="https://twitter.com/_shesAlex/status/530479492616450049">Settembre 2014</a></blockquote>'
45.775163,15.999002,'<blockquote class="twitter-tweet" data-conversation="none" data-cards="hidden" width="350" lang="it"><p>Doslo+je+ono+doba+godine+kad+gledam+milijun+filmova+dnevno.+Bog+ga+blagoslovio.</p><a href="https://twitter.com/roargh/status/530476414894874625">Settembre 2014</a></blockquote>'
44.855058,13.857637,'<blockquote class="twitter-tweet" data-conversation="none" data-cards="hidden" width="350" lang="it"><p>%40Camnora+and+you+seem+to+back+data+from+%0Aall+devices+with+dropbox%2C+right%3F+Computers+are+synced%2C+but+gadgets+data+you+probably+manage+manualy</p><a href="https://twitter.com/daniel_ono/status/530486305017573376">Settembre 2014</a></blockquote>'
45.787676,15.917903,'<blockquote class="twitter-tweet" data-conversation="none" data-cards="hidden" width="350" lang="it"><p>It%27s+TREBLE+not+TROUBLE%21%21%21+%F0%9F%98%B5%F0%9F%98%92</p><a href="https://twitter.com/Naaaashley/status/530476756646764544">Settembre 2014</a></blockquote>'
45.787676,15.917903,'<blockquote class="twitter-tweet" data-conversation="none" data-cards="hidden" width="350" lang="it"><p>%40Tha5SOSFamily%3A+Voting+hour+%0A-rt+the+hashtag+%0A-quote+the+hashtag+%0A-spam+the+hashtag+%0A-release+drafts+%0A%23vote5sos</p><a href="https://twitter.com/Naaaashley/status/530477893026324481">Settembre 2014</a></blockquote>'
45.328087,14.439726,'<blockquote class="twitter-tweet" data-conversation="none" data-cards="hidden" width="350" lang="it"><p>bonkach+DJ+tre%C5%A1+set+u+Palachu%2C+pusti+gabber+alo+e%21+%23rotterdamterrorcorps+%40+Palach+http%3A%2F%2Ft.co%2F8tMz5k7Cgv</p><a href="https://twitter.com/Senzorz/status/530500371379408896">Settembre 2014</a></blockquote>'
44.117397,9.848948,'<blockquote class="twitter-tweet" data-conversation="none" data-cards="hidden" width="350" lang="it"><p>%40lucasofri+vorrei+che+fosse+letta+a+La+Spezia+questa+cosa.+La+scrive+%0ALuca+Sofri+e+la+ripropone+Federica+che+lavora+per+Raffaella.Pare+utile</p><a href="https://twitter.com/FulvioIchestre/status/530482480684752896">Settembre 2014</a></blockquote>'
42.901013,16.859,'<blockquote class="twitter-tweet" data-conversation="none" data-cards="hidden" width="350" lang="it"><p>%40DinamoZagrebBBB+%0ATo+je+zbog+Mami%C4%87a+najgora+stvar+koja+se+dogodila+Dinamu</p><a href="https://twitter.com/AbBartolic/status/530484306016481280">Settembre 2014</a></blockquote>'
45.523762,18.624203,'<blockquote class="twitter-tweet" data-conversation="none" data-cards="hidden" width="350" lang="it"><p>%40AlishaGrauso+cao+kakosi</p><a href="https://twitter.com/BernadBiki/status/530503025753067520">Settembre 2014</a></blockquote>'
45.523763,18.624204,'<blockquote class="twitter-tweet" data-conversation="none" data-cards="hidden" width="350" lang="it"><p>%40ohcatrina+cao+kakosi</p><a href="https://twitter.com/BernadBiki/status/530503225288687617">Settembre 2014</a></blockquote>'
42.631128,18.182123,'<blockquote class="twitter-tweet" data-conversation="none" data-cards="hidden" width="350" lang="it"><p>I-NEED-THIS%21%21%21%21+Christmas+is+coming..Hmm..+Santa%3F%3F%40DepressedDarth+%3A+How+the+Force+Awakens+http%3A%2F%2Ft.co%2FboFDQltohc%E2%80%9D</p><a href="https://twitter.com/ivona2403/status/530503122977062912">Settembre 2014</a></blockquote>'
43.508165,16.441562,'<blockquote class="twitter-tweet" data-conversation="none" data-cards="hidden" width="350" lang="it"><p>%40talal_alhalaly+%40mazen__ali+%D8%A8%D8%B1%D8%B6%D9%88+%D9%88%D8%A7%D8%B6%D8%AD+%D8%A7%D9%86%D9%83%D9%85+%D9%85%D8%A7+%D8%AA%D8%AF%D8%B1%D9%88%D9%86+%D8%B9%D9%86+%D8%A7%D9%84%D9%85%D8%B1%D8%A7%D9%87%D9%86%D8%A7%D8%AA%0A%D8%A7%D9%84%D9%85%D8%B1%D8%A7%D9%87%D8%A7%D9%86%D8%A7%D8%AA+%D9%85%D9%88%D8%AC%D9%88%D8%AF%D8%A9+%D9%81%D9%8A+%D8%AC%D9%85%D9%8A%D8%B9+%D9%85%D8%A8%D8%A7%D8%B1%D9%8A%D8%A7%D8%AA+%D8%A7%D9%84%D8%B9%D8%A7%D9%84%D9%85+%D8%AA%D8%AD%D8%AA+%D8%A7%D8%B4%D8%B1%D8%A7%D9%81+%D9%85%D9%83%D8%A7%D8%AA%D8%A8+1%2F2</p><a href="https://twitter.com/ziadjouharji/status/530484280657707009">Settembre 2014</a></blockquote>'
43.508165,16.441562,'<blockquote class="twitter-tweet" data-conversation="none" data-cards="hidden" width="350" lang="it"><p>%40talal_alhalaly+%40mazen__ali+%D8%A8%D8%B1%D8%B6%D9%88+%D9%88%D8%A7%D8%B6%D8%AD+%D8%A7%D9%86%D9%83%D9%85+%D9%85%D8%A7+%D8%AA%D8%AF%D8%B1%D9%88%D9%86+%D8%B9%D9%86+%D8%A7%D9%84%D9%85%D8%B1%D8%A7%D9%87%D9%86%D8%A7%D8%AA%0A%D8%A7%D9%84%D9%85%D8%B1%D8%A7%D9%87%D8%A7%D9%86%D8%A7%D8%AA+%D9%85%D9%88%D8%AC%D9%88%D8%AF%D8%A9+%D9%81%D9%8A+%D8%AC%D9%85%D9%8A%D8%B9+%D9%85%D8%A8%D8%A7%D8%B1%D9%8A%D8%A7%D8%AA+%D8%A7%D9%84%D8%B9%D8%A7%D9%84%D9%85+%D8%AA%D8%AD%D8%AA+%D8%A7%D8%B4%D8%B1%D8%A7%D9%81+%D9%85%D9%83%D8%A7%D8%AA%D8%A8+1%2F2</p><a href="https://twitter.com/ziadjouharji/status/530484280657707009">Settembre 2014</a></blockquote>'
43.508027,16.441742,'<blockquote class="twitter-tweet" data-conversation="none" data-cards="hidden" width="350" lang="it"><p>%D9%87%D8%B0%D8%A7+%D8%A7%D9%84%D9%83%D9%84%D8%A7%D9%85+%D8%AC%D8%A7%D9%84%D8%B3+%D8%A7%D8%B4%D8%B1%D8%AD%D9%87+%D9%88%D8%A7%D9%84%D8%B9%D8%A7%D9%84%D9%85+%D8%B1%D8%A7%D9%81%D8%B6%D9%87+%D8%AA%D9%81%D9%87%D9%85%D9%87%0A%0A%D9%81%D8%B1%D9%91%D9%82+%D8%A8%D9%8A%D9%86+%D8%A7%D9%84%D9%85%D8%B1%D8%A7%D9%87%D9%86%D8%A7%D8%AA+%D9%88+%D8%A7%D9%84%D8%AA%D9%84%D8%A7%D8%B9%D8%A8+%D8%A8%D8%A7%D9%84%D9%86%D8%AA%D8%A7%D8%A6%D8%AC%0A%0A%40hanisam1987</p><a href="https://twitter.com/ziadjouharji/status/530485954164031488">Settembre 2014</a></blockquote>'
43.508057,16.441684,'<blockquote class="twitter-tweet" data-conversation="none" data-cards="hidden" width="350" lang="it"><p>%40HoLSTN10+%40NOOF_3_+%D8%A7%D9%84%D9%84%D9%8A+%D8%AA%D9%88%D9%87+%D8%B3%D9%88%D9%89+%D9%81%D9%8A%DA%A4%D9%88%D8%B1%D9%8A%D8%AA+%D8%B9%D9%84%D9%89+%D8%B1%D8%AF%D9%83+%D9%88%D8%B4+%D8%AC%D9%88%D9%87%F0%9F%98%90</p><a href="https://twitter.com/ziadjouharji/status/530477120456515584">Settembre 2014</a></blockquote>'
43.50821,16.44166,'<blockquote class="twitter-tweet" data-conversation="none" data-cards="hidden" width="350" lang="it"><p>%D8%A5%D8%B0%D8%A7+%D9%83%D9%86%D8%AA+%D8%A8%D8%A7%D8%AC%D8%AA%D9%85%D8%A7%D8%B9+%D9%88%D8%B3%D8%A7%D8%AD%D8%A8+%D8%B9%D9%84%D9%8A%D9%87%D9%85+%D8%A7%D8%B7%D9%82%D8%B7%D9%82+%D8%AA%D9%88%D9%8A%D8%AA%D8%B1+%D9%88+%D9%85%D8%AF%D9%8A%D8%B1%D9%8A+%D9%81%D8%AC%D8%A7%D8%A9+%D9%8A%D9%82%D9%88%D9%84%D9%8A+%D9%88%D8%B4+%D8%B1%D8%A7%D9%8A%D9%83%0A%0Ahttps%3A%2F%2Ft.co%2FdLRx4piu2k</p><a href="https://twitter.com/ziadjouharji/status/530476453260189697">Settembre 2014</a></blockquote>'
43.508159,16.441636,'<blockquote class="twitter-tweet" data-conversation="none" data-cards="hidden" width="350" lang="it"><p>%40mazen__ali+%40talal_alhalaly+%D9%8A%D8%A7%D8%AE%D9%8A+%D8%A7%D9%84%D9%85%D8%B1%D8%A7%D9%87%D9%86%D8%A7%D8%AA+%D9%81%D9%8A+%D9%83%D9%84+%D8%A7%D9%84%D9%85%D8%A8%D8%A7%D8%B1%D9%8A%D8%A7%D8%AA+%D9%85%D9%88%D8%AC%D9%88%D8%AF%D8%A9+%D9%85%D8%A7+%D8%AC%D8%A8%D8%AA+%D8%B4%D9%8A+%D8%AC%D8%AF%D9%8A%D8%AF%0A%0A%D9%83%D8%A7%D9%86%D9%83+%D8%AA%D9%82%D9%88%D9%84+%D9%8A%D8%A8%D9%8A%D8%B9%D9%88%D9%86+%D8%A8%D9%8A%D8%A8%D8%B3%D9%8A+%D8%A8%D8%A7%D9%84%D9%85%D9%84%D8%B9%D8%A8</p><a href="https://twitter.com/ziadjouharji/status/530481132249563138">Settembre 2014</a></blockquote>'
43.508344,16.441215,'<blockquote class="twitter-tweet" data-conversation="none" data-cards="hidden" width="350" lang="it"><p>%40talal_alhalaly+%40mazen__ali+%0A%0A%D8%AA%D9%82%D9%88%D9%84%D9%8A+%D9%81%D9%8A+%D9%85%D8%B1%D8%A7%D9%87%D9%86%D8%A7%D8%AA+%D8%A7%D9%82%D9%88%D9%84%D9%83+%D8%B7%D9%8A%D8%A8+%D9%88%D8%B4+%D8%A7%D9%84%D8%AC%D8%AF%D9%8A%D8%AF%0A%0A%D9%84%D9%83%D9%86+%D8%A7%D8%B0%D8%A7+%D8%A7%D8%AB%D8%A8%D8%AA+%D9%81%D9%8A+%D8%AA%D9%84%D8%A7%D8%B9%D8%A8+%D8%A8%D8%A7%D9%84%D9%86%D8%AA%D8%A7%D8%A6%D8%AC+%D9%87%D8%B0%D9%87+%D9%82%D8%B6%D9%8A%D8%A9+%D9%85%D8%AE%D8%AA%D9%84%D9%81%D8%A9+2%2F2</p><a href="https://twitter.com/ziadjouharji/status/530484575353729025">Settembre 2014</a></blockquote>'
43.508191,16.441635,'<blockquote class="twitter-tweet" data-conversation="none" data-cards="hidden" width="350" lang="it"><p>%40EzoOtb1+%D9%86%D8%B8%D8%A7%D9%85+%D8%B9%D8%A7%D8%B4%D9%82+%D9%87%D8%A7%D9%86%D9%8A+%D9%86%D8%A7%D8%B8%D8%B1+...+%D8%B4%D9%83%D9%84%D9%87+%D9%87%D9%88+%D9%85%D8%B3%D9%88%D9%8A+%D8%A7%D9%84%D9%85%D9%82%D8%B7%D8%B9</p><a href="https://twitter.com/ziadjouharji/status/530483809482203137">Settembre 2014</a></blockquote>'
43.508163,16.441665,'<blockquote class="twitter-tweet" data-conversation="none" data-cards="hidden" width="350" lang="it"><p>%40AS_Mm8+%D8%B9%D9%84%D9%89+%D9%83%D8%AB%D8%B1+%D8%A7%D9%84%D9%82%D8%B5%D9%8A%D8%AF+%D9%88%D9%83%D8%AB%D8%B1+%D9%85%D8%A7+%D8%AC%D8%A7%D8%A8+%D8%A7%D9%84%D8%AE%D9%8A%D8%A7%D9%84+%D8%A7%D9%81%D9%83%D8%A7%D8%B1</p><a href="https://twitter.com/ziadjouharji/status/530474000812883968">Settembre 2014</a></blockquote>'
43.508208,16.441653,'<blockquote class="twitter-tweet" data-conversation="none" data-cards="hidden" width="350" lang="it"><p>%D9%83%D9%8A%D9%81+%D8%A7%D9%84%D8%AC%D8%A7%D8%B1+%D8%AA%D8%B5%D8%AF%D8%B1+%D8%A7%D9%84%D8%AF%D9%88%D8%B1%D9%8A%0A%0Ahttps%3A%2F%2Ft.co%2FCKzAqU9XLl</p><a href="https://twitter.com/ziadjouharji/status/530476838859325443">Settembre 2014</a></blockquote>'
43.508165,16.441499,'<blockquote class="twitter-tweet" data-conversation="none" data-cards="hidden" width="350" lang="it"><p>%40HoLSTN10+%D8%A8%D8%B3%D9%8A%D8%B7%D8%A9%E2%9C%8C%EF%B8%8F</p><a href="https://twitter.com/ziadjouharji/status/530474641538940929">Settembre 2014</a></blockquote>'
43.508173,16.441663,'<blockquote class="twitter-tweet" data-conversation="none" data-cards="hidden" width="350" lang="it"><p>%40AoB_RaKaN+%D8%AE%D9%84%D8%A7%D8%B5+%D8%AE%D9%84%D8%B5%D9%86%D8%A7+%D9%88+%D8%B7%D9%82%D8%B7%D9%82%D9%86%D8%A7</p><a href="https://twitter.com/ziadjouharji/status/530474521816735745">Settembre 2014</a></blockquote>'
43.508178,16.441751,'<blockquote class="twitter-tweet" data-conversation="none" data-cards="hidden" width="350" lang="it"><p>%D8%A7%D9%84%D9%84%D9%8A+%28%D9%8A%D8%AD%D8%B7%2F%D8%AA%D8%AD%D8%B7%29+%D8%B5%D9%88%D8%B1%D8%AA%D9%87+%D8%A8%D8%A7%D9%84%D8%A7%D9%86%D8%B3%D8%AA%D9%82%D8%B1%D8%A7%D9%85+%D8%AB%D9%85+%D9%8A%D9%83%D8%AA%D8%A8+%D9%82%D8%B5%D9%8A%D8%AF%D8%A9+%D8%A7%D9%88+%D8%A8%D9%8A%D8%AA+%D8%B4%D8%B9%D8%B1+%D8%AA%D8%AD%D8%AA+%D8%A7%D9%84%D8%B5%D9%88%D8%B1%D8%A9+...+%D9%88%D8%B4%D8%B4%D8%B4%D8%B4+%D8%AC%D9%88%D9%83%D9%85%F0%9F%98%90%0A%0A%D8%B9%D8%AC%D8%B2%D8%AA+%D8%A7%D8%B1%D8%A8%D8%B7+%D8%A7%D9%84%D8%B4%D8%B9%D8%B1+%D8%A8%D8%B5%D9%88%D8%B1%D9%83%D9%85+%D8%A7%D9%84%D8%B4%D8%AE%D8%B5%D9%8A%D8%A9</p><a href="https://twitter.com/ziadjouharji/status/530473154985361408">Settembre 2014</a></blockquote>'
43.508028,16.441687,'<blockquote class="twitter-tweet" data-conversation="none" data-cards="hidden" width="350" lang="it"><p>%40fffff99h+%D9%84%D8%A7</p><a href="https://twitter.com/ziadjouharji/status/530477569209303040">Settembre 2014</a></blockquote>'
45.78235,15.926606,'<blockquote class="twitter-tweet" data-conversation="none" data-cards="hidden" width="350" lang="it"><p>Bank+of+America+sets+aside+%24400m+%23USA+%23BankingSector+%23messeverywhere+-+http%3A%2F%2Ft.co%2FqMCooH5Jd0</p><a href="https://twitter.com/Johnnl/status/530511169266909184">Settembre 2014</a></blockquote>'
45.78235,15.926606,'<blockquote class="twitter-tweet" data-conversation="none" data-cards="hidden" width="350" lang="it"><p>Russia+rejects+claim+over+Putin+ally+%23Putin+%23Narcissist+%23Liar+-+http%3A%2F%2Ft.co%2FKd5EGO8rBO</p><a href="https://twitter.com/Johnnl/status/530511609371041795">Settembre 2014</a></blockquote>'
43.508456,16.45499,'<blockquote class="twitter-tweet" data-conversation="none" data-cards="hidden" width="350" lang="it"><p>Bravo+%40RokoLeni10+i+ekipa.+%F0%9F%8F%80</p><a href="https://twitter.com/ruzina/status/530472824344166400">Settembre 2014</a></blockquote>'
45.802779,15.917882,'<blockquote class="twitter-tweet" data-conversation="none" data-cards="hidden" width="350" lang="it"><p>%E2%9A%BD%EF%B8%8F+http%3A%2F%2Ft.co%2FsbSHSkIaW8</p><a href="https://twitter.com/anamarija_FCB/status/530482989021810690">Settembre 2014</a></blockquote>'
44.521669,14.501853,'<blockquote class="twitter-tweet" data-conversation="none" data-cards="hidden" width="350" lang="it"><p>%40Perosssss+f%C4%B1st%C4%B1k+oldu+ask%C4%B1m+f%C4%B1st%C4%B1k%E2%9D%A4%EF%B8%8F</p><a href="https://twitter.com/Nunudumlu/status/530486860842545152">Settembre 2014</a></blockquote>'
44.521665,14.501894,'<blockquote class="twitter-tweet" data-conversation="none" data-cards="hidden" width="350" lang="it"><p>Hadi+ben+kacar+%F0%9F%99%8B%F0%9F%98%84+http%3A%2F%2Ft.co%2F87kMkpgjBg</p><a href="https://twitter.com/Nunudumlu/status/530482365492383744">Settembre 2014</a></blockquote>'
40.359287,15.822761,'<blockquote class="twitter-tweet" data-conversation="none" data-cards="hidden" width="350" lang="it"><p>%40beppesevergnini+%40MandiPatrizio+%40matteosalvinimi+%F0%9F%98%82%F0%9F%98%82%F0%9F%98%82%F0%9F%98%82%F0%9F%98%82%F0%9F%98%82%F0%9F%90%A3</p><a href="https://twitter.com/vito_trecarichi/status/530487722407116801">Settembre 2014</a></blockquote>'
46.368192,16.414452,'<blockquote class="twitter-tweet" data-conversation="none" data-cards="hidden" width="350" lang="it"><p>Step+by+step%2C+that%27s+how+you+will+achieve</p><a href="https://twitter.com/ProudLovatic200/status/530476838884474880">Settembre 2014</a></blockquote>'
46.368146,16.414403,'<blockquote class="twitter-tweet" data-conversation="none" data-cards="hidden" width="350" lang="it"><p>Don%27t+brake+someone%27s+heart%2C+they+have+only+one.+Brake+their+bones%2C+they+have+them+206</p><a href="https://twitter.com/ProudLovatic200/status/530474910913941505">Settembre 2014</a></blockquote>'
42.455716,14.225673,'<blockquote class="twitter-tweet" data-conversation="none" data-cards="hidden" width="350" lang="it"><p>Adesso+arriva+il+bello+%21%21%21</p><a href="https://twitter.com/realsaefno/status/530474943809859584">Settembre 2014</a></blockquote>'
42.455722,14.225691,'<blockquote class="twitter-tweet" data-conversation="none" data-cards="hidden" width="350" lang="it"><p>Dove+andiamo+a+finire+di+questo+passo..++Io+non+ne+ho+idea%21</p><a href="https://twitter.com/realsaefno/status/530476485879279616">Settembre 2014</a></blockquote>'
42.45571,14.225732,'<blockquote class="twitter-tweet" data-conversation="none" data-cards="hidden" width="350" lang="it"><p>Pensavo+fosse+amore+invece+la+spunta+non+%C3%A8+diventata+blu+%23whatsapp</p><a href="https://twitter.com/realsaefno/status/530493050624438273">Settembre 2014</a></blockquote>'
42.45572,14.225702,'<blockquote class="twitter-tweet" data-conversation="none" data-cards="hidden" width="350" lang="it"><p>%40tilopatriello+sarcasmo+puro%21++%3AD</p><a href="https://twitter.com/realsaefno/status/530477115423338496">Settembre 2014</a></blockquote>'
42.455707,14.225691,'<blockquote class="twitter-tweet" data-conversation="none" data-cards="hidden" width="350" lang="it"><p>%40MichelaGarofoli+ma+magari+%21%21%21+Almeno+li+un+fine+c%27e</p><a href="https://twitter.com/realsaefno/status/530478529868468225">Settembre 2014</a></blockquote>'
42.455674,14.225699,'<blockquote class="twitter-tweet" data-conversation="none" data-cards="hidden" width="350" lang="it"><p>Pensavo+fosse+amore..++La+spunta+%C3%A8+diventata+blu..+ma+niente%21++%23whatsapp+%23spuntablu</p><a href="https://twitter.com/realsaefno/status/530493474018459648">Settembre 2014</a></blockquote>'
42.45572,14.225644,'<blockquote class="twitter-tweet" data-conversation="none" data-cards="hidden" width="350" lang="it"><p>%40MichelaGarofoli++Gino+strada+%C3%A8+il+n+1+%21</p><a href="https://twitter.com/realsaefno/status/530484187640655873">Settembre 2014</a></blockquote>'
42.455713,14.22571,'<blockquote class="twitter-tweet" data-conversation="none" data-cards="hidden" width="350" lang="it"><p>Pubblicano+la+foto+sul+social+per+far+credere+al+mondo+che+la+bottiglia+da+5L+l%27hanno+presa+in+4</p><a href="https://twitter.com/realsaefno/status/530475628290904065">Settembre 2014</a></blockquote>'
42.455713,14.22571,'<blockquote class="twitter-tweet" data-conversation="none" data-cards="hidden" width="350" lang="it"><p>Pubblicano+la+foto+sul+social+per+far+credere+al+mondo+che+la+bottiglia+da+5L+l%27hanno+presa+in+4</p><a href="https://twitter.com/realsaefno/status/530475628290904065">Settembre 2014</a></blockquote>'
42.455706,14.225657,'<blockquote class="twitter-tweet" data-conversation="none" data-cards="hidden" width="350" lang="it"><p>Poi+al+tavolo+se+la+passano+per+fare+il+Selfie+con+la+bottiglia+in+mano+gruppetti+max+di+4</p><a href="https://twitter.com/realsaefno/status/530474819285168128">Settembre 2014</a></blockquote>'
42.455703,14.225671,'<blockquote class="twitter-tweet" data-conversation="none" data-cards="hidden" width="350" lang="it"><p>Comprano+la+%23Belvedere+in+40+per+pagarla+6+euro+a+testa</p><a href="https://twitter.com/realsaefno/status/530474545879470080">Settembre 2014</a></blockquote>'
45.776458,15.961055,'<blockquote class="twitter-tweet" data-conversation="none" data-cards="hidden" width="350" lang="it"><p>%F0%9F%92%95+%40JimCarrey+.+Nothing+new+here</p><a href="https://twitter.com/joshsimona/status/530476280647798784">Settembre 2014</a></blockquote>'
43.517677,16.45035,'<blockquote class="twitter-tweet" data-conversation="none" data-cards="hidden" width="350" lang="it"><p>%40x5sosupdxtesx+they+seem+all+shy+but+I+know+they+love+being+naked+like+let%27s+be+honest+%F0%9F%98%8F%F0%9F%98%8F%F0%9F%98%8F%F0%9F%98%82</p><a href="https://twitter.com/subwayacm/status/530479211598057472">Settembre 2014</a></blockquote>'
43.517671,16.450388,'<blockquote class="twitter-tweet" data-conversation="none" data-cards="hidden" width="350" lang="it"><p>%40Calum5SOS+%40Ashton5SOS+he%27s+new+miley</p><a href="https://twitter.com/subwayacm/status/530471663948029952">Settembre 2014</a></blockquote>'
43.517662,16.450292,'<blockquote class="twitter-tweet" data-conversation="none" data-cards="hidden" width="350" lang="it"><p>Michael+is+life+%23vote5sos+http%3A%2F%2Ft.co%2F3CkJauP2mu</p><a href="https://twitter.com/subwayacm/status/530475581893533697">Settembre 2014</a></blockquote>'
43.517681,16.450345,'<blockquote class="twitter-tweet" data-conversation="none" data-cards="hidden" width="350" lang="it"><p>%40Luke5SOS+%F0%9F%8D%86%F0%9F%8D%86%F0%9F%8D%86%F0%9F%8D%86%F0%9F%8D%86%F0%9F%8D%86</p><a href="https://twitter.com/subwayacm/status/530472144829181953">Settembre 2014</a></blockquote>'
43.517681,16.450339,'<blockquote class="twitter-tweet" data-conversation="none" data-cards="hidden" width="350" lang="it"><p>Hey+there+http%3A%2F%2Ft.co%2FGA0k83VvV6</p><a href="https://twitter.com/subwayacm/status/530473527133368325">Settembre 2014</a></blockquote>'
43.517661,16.450365,'<blockquote class="twitter-tweet" data-conversation="none" data-cards="hidden" width="350" lang="it"><p>Ashton+get+a+damn+haircut+you+looks+like+freaking+Harry+Potter+okay</p><a href="https://twitter.com/subwayacm/status/530472954367578112">Settembre 2014</a></blockquote>'
43.51767,16.450374,'<blockquote class="twitter-tweet" data-conversation="none" data-cards="hidden" width="350" lang="it"><p>So+done+with+this+band</p><a href="https://twitter.com/subwayacm/status/530477093545861120">Settembre 2014</a></blockquote>'
43.51766,16.450293,'<blockquote class="twitter-tweet" data-conversation="none" data-cards="hidden" width="350" lang="it"><p>%40Luke5SOS+what+even</p><a href="https://twitter.com/subwayacm/status/530472408369876992">Settembre 2014</a></blockquote>'
43.517696,16.45033,'<blockquote class="twitter-tweet" data-conversation="none" data-cards="hidden" width="350" lang="it"><p>%23vote5sos++Do+it+for+the+Calums+turtle+%F0%9F%98%82+http%3A%2F%2Ft.co%2FCzFGDYzdbJ</p><a href="https://twitter.com/subwayacm/status/530474608252952577">Settembre 2014</a></blockquote>'
43.517664,16.450355,'<blockquote class="twitter-tweet" data-conversation="none" data-cards="hidden" width="350" lang="it"><p>SO+THIRSTY</p><a href="https://twitter.com/subwayacm/status/530477437680119808">Settembre 2014</a></blockquote>'
43.517662,16.450292,'<blockquote class="twitter-tweet" data-conversation="none" data-cards="hidden" width="350" lang="it"><p>%40Luke5SOS+%F0%9F%98%82%F0%9F%98%82%F0%9F%98%82%F0%9F%98%82%F0%9F%98%82</p><a href="https://twitter.com/subwayacm/status/530472563613642752">Settembre 2014</a></blockquote>'
43.517662,16.450368,'<blockquote class="twitter-tweet" data-conversation="none" data-cards="hidden" width="350" lang="it"><p>If+I+ever+meet+Michael+can+I+fuck+him+pls+I+hope+he%27s+easy</p><a href="https://twitter.com/subwayacm/status/530474116772790274">Settembre 2014</a></blockquote>'
43.51767,16.450353,'<blockquote class="twitter-tweet" data-conversation="none" data-cards="hidden" width="350" lang="it"><p>%40Luke5SOS+me+and+you+in+bed+woooo</p><a href="https://twitter.com/subwayacm/status/530471984715800577">Settembre 2014</a></blockquote>'
43.517667,16.450372,'<blockquote class="twitter-tweet" data-conversation="none" data-cards="hidden" width="350" lang="it"><p>%40lukesxconverse+%40sockless5sos+OMG+UR+LUCKY%0AHAHAHAHAHHA+OMF+I+LOVE+U</p><a href="https://twitter.com/subwayacm/status/530478836992180225">Settembre 2014</a></blockquote>'
43.517661,16.45037,'<blockquote class="twitter-tweet" data-conversation="none" data-cards="hidden" width="350" lang="it"><p>My+mom+likes+Michael%2Cthat%27s+good+sign</p><a href="https://twitter.com/subwayacm/status/530474024904962050">Settembre 2014</a></blockquote>'
43.517666,16.450362,'<blockquote class="twitter-tweet" data-conversation="none" data-cards="hidden" width="350" lang="it"><p>Or+Michael+either+way+I%27m+good</p><a href="https://twitter.com/subwayacm/status/530477648972349441">Settembre 2014</a></blockquote>'
43.51767,16.450353,'<blockquote class="twitter-tweet" data-conversation="none" data-cards="hidden" width="350" lang="it"><p>%40lukesxconverse+%40sockless5sos+wow+ashton+looks+so+hot+damn+%F0%9F%98%82%F0%9F%98%82%F0%9F%98%8F%F0%9F%98%8F%F0%9F%98%8F</p><a href="https://twitter.com/subwayacm/status/530477915432321024">Settembre 2014</a></blockquote>'
43.517679,16.450347,'<blockquote class="twitter-tweet" data-conversation="none" data-cards="hidden" width="350" lang="it"><p>%40Luke5SOS+wise+words+Hemmings</p><a href="https://twitter.com/subwayacm/status/530472196117127168">Settembre 2014</a></blockquote>'
43.517696,16.450287,'<blockquote class="twitter-tweet" data-conversation="none" data-cards="hidden" width="350" lang="it"><p>%40iCareForAmeezy+he%27ll+do+austream+in+fucking+8+am+like+wtf+I+live+in+Europe+dude</p><a href="https://twitter.com/subwayacm/status/530478276964532224">Settembre 2014</a></blockquote>'
43.517705,16.450305,'<blockquote class="twitter-tweet" data-conversation="none" data-cards="hidden" width="350" lang="it"><p>%40lukesxconverse+%40sockless5sos+HE+LOOKS+SO+HOT+LIKE+TEASER+OMG%0AWHERE+YA+FROM+OMG</p><a href="https://twitter.com/subwayacm/status/530478413329743873">Settembre 2014</a></blockquote>'
43.517668,16.450324,'<blockquote class="twitter-tweet" data-conversation="none" data-cards="hidden" width="350" lang="it"><p>%40AustinMahone+YAS+YAS+YAS+YAS</p><a href="https://twitter.com/subwayacm/status/530473707077369856">Settembre 2014</a></blockquote>'
43.517667,16.450356,'<blockquote class="twitter-tweet" data-conversation="none" data-cards="hidden" width="350" lang="it"><p>No+I%27m+serious+I+need+water</p><a href="https://twitter.com/subwayacm/status/530477576108900352">Settembre 2014</a></blockquote>'
43.517663,16.450294,'<blockquote class="twitter-tweet" data-conversation="none" data-cards="hidden" width="350" lang="it"><p>I+feel+like+Ash+is+gonna+block+me+don%27t+pls</p><a href="https://twitter.com/subwayacm/status/530473245741699072">Settembre 2014</a></blockquote>'
42.437122,14.182637,'<blockquote class="twitter-tweet" data-conversation="none" data-cards="hidden" width="350" lang="it"><p>Cazzo+raga..+Sils+maria+%C3%A8+fantastico%0ACio%C3%A8+in+pratica+Kristen+sta+scegliendo+trame+solo+perfette%0A%23SilsMaria</p><a href="https://twitter.com/FlorenceandStew/status/530472247845486593">Settembre 2014</a></blockquote>'
45.786389,16.005632,'<blockquote class="twitter-tweet" data-conversation="none" data-cards="hidden" width="350" lang="it"><p>Vecer+je+bila+jos+ugodnija+uz+%40NovaRunda+PALE+%3A%29</p><a href="https://twitter.com/bglavasevic/status/530483987173879808">Settembre 2014</a></blockquote>'
45.814195,15.874145,'<blockquote class="twitter-tweet" data-conversation="none" data-cards="hidden" width="350" lang="it"><p>U+%23Provjereno+%40novahr+prilog+o+dalmatincima+u+Zagrebu.+A+jadna+ti+ga+majka+mora+da+im+je+jako+tesko+Aekat+i+pljuvat+po+nasem+kaj+svakodnevno</p><a href="https://twitter.com/tea_bensek/status/530485564420943872">Settembre 2014</a></blockquote>'
46.164134,16.814461,'<blockquote class="twitter-tweet" data-conversation="none" data-cards="hidden" width="350" lang="it"><p>%40seabro+ovaj+tak+brzo+neces+zaboraviti+%3A%29</p><a href="https://twitter.com/solventsolution/status/530495786682171393">Settembre 2014</a></blockquote>'
46.164134,16.814461,'<blockquote class="twitter-tweet" data-conversation="none" data-cards="hidden" width="350" lang="it"><p>%40seabro+dok+mi+se+slegnu+dojmovi+do+jutra+%3A%29</p><a href="https://twitter.com/solventsolution/status/530495420670443520">Settembre 2014</a></blockquote>'
46.164134,16.814461,'<blockquote class="twitter-tweet" data-conversation="none" data-cards="hidden" width="350" lang="it"><p>Pogledah+Interstellar+%23kino</p><a href="https://twitter.com/solventsolution/status/530494483918782465">Settembre 2014</a></blockquote>'
44.346754,15.120293,'<blockquote class="twitter-tweet" data-conversation="none" data-cards="hidden" width="350" lang="it"><p>3%F0%9F%98%8A</p><a href="https://twitter.com/cuddlyharrypurr/status/530476354526269440">Settembre 2014</a></blockquote>'
43.517536,16.443299,'<blockquote class="twitter-tweet" data-conversation="none" data-cards="hidden" width="350" lang="it"><p>%23EuropeYachts+%23luxury++%23charter+%23holiday++%23travel+%23sailing++%23sea+%23vacation+%23cool+%23watersport%E2%80%A6+http%3A%2F%2Ft.co%2Fuzc5r867ny</p><a href="https://twitter.com/EuropeYachts/status/530477109584871424">Settembre 2014</a></blockquote>'
46.140573,15.896229,'<blockquote class="twitter-tweet" data-conversation="none" data-cards="hidden" width="350" lang="it"><p>%23offlineforsleep+night</p><a href="https://twitter.com/Smile_for_Lou/status/530475672519860227">Settembre 2014</a></blockquote>'
45.816042,15.975498,'<blockquote class="twitter-tweet" data-conversation="none" data-cards="hidden" width="350" lang="it"><p>Najava+za+14.+11.+PETAK+-+POSITIVO+U%C5%BDIVO+%23BULLDOGZG%2C+%23ZAGREB%2C+%23%23SUBOTA+%2C+%23BULLDOGXL+http%3A%2F%2Ft.co%2F4hAyGOyJZi</p><a href="https://twitter.com/BulldogZg/status/530501036730224641">Settembre 2014</a></blockquote>'
45.439346,16.281733,'<blockquote class="twitter-tweet" data-conversation="none" data-cards="hidden" width="350" lang="it"><p>I%27m+so+sad+because+HU+will+be+in+Budapest+in+11+days+and+Twenty+One+Pilots+in+Vienna+in+2+days+and+I+couldn%27t+go+to+either.</p><a href="https://twitter.com/bangthehoedrums/status/530490720038428672">Settembre 2014</a></blockquote>'
45.439346,16.281735,'<blockquote class="twitter-tweet" data-conversation="none" data-cards="hidden" width="350" lang="it"><p>%40bangthehoedrums+tbt</p><a href="https://twitter.com/bangthehoedrums/status/530480203991379968">Settembre 2014</a></blockquote>'
45.439345,16.281733,'<blockquote class="twitter-tweet" data-conversation="none" data-cards="hidden" width="350" lang="it"><p>%40bangthehoedrums+I+posted+a+selfie+tonight+and+now+I%27m+going+to+bed</p><a href="https://twitter.com/bangthehoedrums/status/530485883867508737">Settembre 2014</a></blockquote>'
45.439345,16.281733,'<blockquote class="twitter-tweet" data-conversation="none" data-cards="hidden" width="350" lang="it"><p>%40xKaylaaMichelle+hahahaha+I+guess+so</p><a href="https://twitter.com/bangthehoedrums/status/530486923857784833">Settembre 2014</a></blockquote>'
45.439337,16.281597,'<blockquote class="twitter-tweet" data-conversation="none" data-cards="hidden" width="350" lang="it"><p>TWENTY+ONE+PILOTS+ARE+IN+VIENNA+ON+NOV+8+I+HATE+LIFE</p><a href="https://twitter.com/bangthehoedrums/status/530490045736964096">Settembre 2014</a></blockquote>'
45.439345,16.281733,'<blockquote class="twitter-tweet" data-conversation="none" data-cards="hidden" width="350" lang="it"><p>Can+I+put+co-owning+the+%40YoureEmoIf+account+on+my+resume%3F</p><a href="https://twitter.com/bangthehoedrums/status/530479395778342912">Settembre 2014</a></blockquote>'
45.439345,16.281733,'<blockquote class="twitter-tweet" data-conversation="none" data-cards="hidden" width="350" lang="it"><p>%40bangthehoedrums+update%3A+found+em</p><a href="https://twitter.com/bangthehoedrums/status/530484473826410499">Settembre 2014</a></blockquote>'
45.439346,16.281732,'<blockquote class="twitter-tweet" data-conversation="none" data-cards="hidden" width="350" lang="it"><p>%40FeltShe_+thank+you+%F0%9F%8C%BA</p><a href="https://twitter.com/bangthehoedrums/status/530491452623962112">Settembre 2014</a></blockquote>'
45.439345,16.281733,'<blockquote class="twitter-tweet" data-conversation="none" data-cards="hidden" width="350" lang="it"><p>The+thing+with+this+FOB+contest+is+that+there+are+so+many+nice+mutuals+I+like+that+entered+and+I+want+them+all+to+win</p><a href="https://twitter.com/bangthehoedrums/status/530484840102395904">Settembre 2014</a></blockquote>'
45.439336,16.281662,'<blockquote class="twitter-tweet" data-conversation="none" data-cards="hidden" width="350" lang="it"><p>Horror+story%3A+I+can%27t+find+my+headphones</p><a href="https://twitter.com/bangthehoedrums/status/530481412466819073">Settembre 2014</a></blockquote>'
45.439336,16.281662,'<blockquote class="twitter-tweet" data-conversation="none" data-cards="hidden" width="350" lang="it"><p>Horror+story%3A+I+can%27t+find+my+headphones</p><a href="https://twitter.com/bangthehoedrums/status/530481412466819073">Settembre 2014</a></blockquote>'
45.788249,15.921025,'<blockquote class="twitter-tweet" data-conversation="none" data-cards="hidden" width="350" lang="it"><p>%F0%9F%91%8F%F0%9F%91%8F%F0%9F%91%8F%F0%9F%8F%80++++http%3A%2F%2Ft.co%2Fg69iobSW8M</p><a href="https://twitter.com/NelaPongracic/status/530489868020088833">Settembre 2014</a></blockquote>'
45.193829,17.488679,'<blockquote class="twitter-tweet" data-conversation="none" data-cards="hidden" width="350" lang="it"><p>Bio+sam+mlad+i+totalno+zagorio%2C+tako+je+valjda+sve+to+krenulo.</p><a href="https://twitter.com/PatricijaVolf/status/530491784695382016">Settembre 2014</a></blockquote>'
45.193955,17.485379,'<blockquote class="twitter-tweet" data-conversation="none" data-cards="hidden" width="350" lang="it"><p>I+glavom+puko+u+radjator.</p><a href="https://twitter.com/PatricijaVolf/status/530491473897463808">Settembre 2014</a></blockquote>'
42.427506,14.276686,'<blockquote class="twitter-tweet" data-conversation="none" data-cards="hidden" width="350" lang="it"><p>Questo+maltempo+dovrebbe+essere+il+preannuncio+del+diluvio+universale%21%0A%23maltempo</p><a href="https://twitter.com/stefaniuccia91/status/530493806840651776">Settembre 2014</a></blockquote>'
45.811203,15.972061,'<blockquote class="twitter-tweet" data-conversation="none" data-cards="hidden" width="350" lang="it"><p>%40kovachella+a+TLZP+do+21%3A15%2C+pa+taksi+i+trk+u+Tvornicu%2C+spremna+sam+platiti+tu+cijenu+%40kraljica_ribara+%40tvornica</p><a href="https://twitter.com/whoamiee/status/530480211708903424">Settembre 2014</a></blockquote>'
45.807512,15.981462,'<blockquote class="twitter-tweet" data-conversation="none" data-cards="hidden" width="350" lang="it"><p>%40petkovitj+http%3A%2F%2Ft.co%2FZToKEGibC1</p><a href="https://twitter.com/whoamiee/status/530498383723921410">Settembre 2014</a></blockquote>'
45.827561,15.984203,'<blockquote class="twitter-tweet" data-conversation="none" data-cards="hidden" width="350" lang="it"><p>%23tbt+%23%C5%A1alata%234life%E2%9D%A4%EF%B8%8F+%40+%C5%A0alata+http%3A%2F%2Ft.co%2FdrxLbCm0KY</p><a href="https://twitter.com/CorinneHolik/status/530477848419921920">Settembre 2014</a></blockquote>'
45.744887,16.000771,'<blockquote class="twitter-tweet" data-conversation="none" data-cards="hidden" width="350" lang="it"><p>I%27m+at+Optima+Telekom+in+Zagreb+https%3A%2F%2Ft.co%2FrcuqW85kHR</p><a href="https://twitter.com/clouseaui/status/530521148648599553">Settembre 2014</a></blockquote>'
43.303453,17.007859,'<blockquote class="twitter-tweet" data-conversation="none" data-cards="hidden" width="350" lang="it"><p>Makarska.+Pol+dvorane+skoraj+popolnjena%2C++druga+polovica+pa+za+%C5%A1kodo%C5%BEeljne++po+%C5%BEelji.+Z++Omerzo++pa+zadovoljna....+http%3A%2F%2Ft.co%2FtvBsAsxpR2</p><a href="https://twitter.com/RomanLeljak/status/530491175871213569">Settembre 2014</a></blockquote>'
